"kazasız, değişensiz dizel otomatik 159 alfa romeo"
2011 giulietta 1.4 tb multiair progression plus takas olur
2. sahibinden temiz ekstralı ıtalyan boğası
fiyat düştü masraflari bakimi yapilmis arac
2. sahibinden orijinal diesel giulietta 2012
hatasız .masrafsız .giuletta 1.6 jtd
temiz orjinal 170 hp alfa romeo gıulıetta
.alfa bayrak .2004 .2.0 ts selespeed .coupe .full
çok acil temiz bakımlı klimalı 146
2014 sıfır kayıt f1 vites fırsat aracınız (masrafsız)
güneş auto dan 2000 model alfa romeo 146 twinspark 1.4 lpg li
24 ay vade takas imkanı 159 dizel alfa romeo distincive plus
spor paket giulietta 170hp
sahibinden temiz acil hastasına alfa
alfa romeo 156
alfa 147 temiz hasarsız değişensiz ekstralı
sahibinden gıulıetta temiz masrafsız bakımlı
sahibinden temiz kullanılmış 170hp giulietta
star kafkastan 2015 hatasız giulietta dızel tamamına kredi
kırmızı alfa
2014 alfa romeo gıulıetta 1.6 jtd progressıon plus.84000 km de
"sedef beyaz,sunrooflu,emsalsiz alfa romeo 156 !!"
"alfa center'dan 2015 giulietta 1.6 jtd,orjinal,çok temiz,bakımlı"
c m y auto alfa romeo giulietta 2012 model 100bin km !
tertemiz masrafsız cam tavanlı full
değişensiz kazasız sunroof derı full full
2011 orjınal değişensiz boyasız
yeni gibi sorunsuz
alfa159 2009 makyajlı kasa
"mesut otomotiv'den alfa romeo 159 jtd 1,9 distinctive q tronic"
2017 alfa romeo giulietta 1.6 jtd progression sunroof boyasız
sahibinden cam tavan ve qv koltuklu giulietta
alfa romeo giulietta 54 bin kmde️
günerhan otomotivden alfa romeo progression 1.6 otomatik
sahibinden satılık giulietta
sitede tek orjinal en düşük km li 'ss' otomatik
alfa modena'dan 2010 159 distinc. plus emsalsiz sadece 60.000 km
wınox'dan emsalsiz temizlikte alfa romeo 147 q2
2.0 mk2 manuel 8c kırmızı satışta
alfa romeo 2008 159
ihtiyaçtan acil sıkıntısız seri ve diri ok gibi yer uçagı
not:: araba su an ayvalıkta temiz ve bakımlı alfa 147 ts
acill alfa romeo sahibinden
satılık 2013 temiz guilietta km: 75k
sahibinden acil satılık 146
boyasız değişensiz kazasız alfa
besse otodan temiz bakımlı
"2012 model 1.3 multijet (62,000)km"
yücel autodan yarısı peşin yarısı vadeli temiz 1.6 motor
tertemiz kazasız 140 beygir 390 nm tork açıklamayı oku
.alfa bayrak .1991 .alfa romeo spider .2.0
kredi kartına 20.000 tl 12 ay sıfır faiz giulietta 1.6 m.jet otm
alfa romeo mito temizliği emsalsiz
"2014 giulietta (hata, boya, değişen, tramer vs. yok)"
temiz romeo
alfa romeo 156 2.0 i
2008 model temiz alfa romeo
acil memurdan temiz full 156 ihtiyaçtan satılık
acilllll satılık
acil!!! alfa romeo gıulıetta super tct 1.6 jtd otomatik
alfa romeo 156 1999
ılk sahibinden degisensiz hasarsiz boyasiz giulietta 1.6 dizel
temiz giulietta 1.6 jtd dizel cam tavan sanruf full full
sahibinden fiyat düştü full ful170hp kazasız değişensiz boyasız
pnr auto 2008 alfa romeo gt 1.9 dizel boyasız emsalsiz 20.150km
mühendisten 120 hp 147
166 v6 turbo acil
alfa romeo 156 binilip görülecek araç sahibinden
italyan aygırı
"deri koltuk, sunroof"
sahibinden fırsat aracı
ayaklarınız yerden kesilecek değışensiz hasar kayıtzz.
doktordan ilk sahibinden temiz kullanılmış gulietta
kazasız tertemiz alfa romeo mito 1.6 dizel 120hp
bursaya hayırlı olsun
"ilk sahibinden 1.4 170hp, tct, cam tavan, spor paket, f1"
çok temiz bakımları yeni yapılmış 159 1.9 jtd dıstınctıve
"24000 km.de temiz, boseli spor koltuklu orjinal jantlı"
çok temiz ve servis bakimlı araçtir
sahibinden satılık hatasız otomatik cam tavanlı 2017 giuiletta
garac 79 dan 2016 giulietta 1.6 jtd super tct tam dolu masrafsız
alfa romeo 156 yer uçağı .
hasar kayitsiz temiz
kara şimşek hatasız boyasız 72 binde
yeni motor 2020 muayene
"eurokardan 2013 alfa romeo giulietta 1,4 tb otomatik"
alfa romeo 147 rosso 2021 muayeneli
sahibinden alfa romeo gt tüm bakımları yapılmış sorunsuz
alfa romeo rosso kırmızı
2013 model giulietta 1.6 multijet 6 ileri full 140.000 km beyaz
bulur otomotiv den alfa romeo 156
"sahibinden .cam tavan,orijinal 2014 model"
alfa romeo giulietta 2013. 1.6 dizel. 83000 km
sahibinden orjinal
2011 gulietta tb multiair ditinctive cam tavanlı ful ful ses stm
titizlikle kullanılmış masrafsız alfa romeo
veloce'den 2011 model orjinal 98.000 km'de 1.4ma 170hp gıuletta
alfa modena'dan 1997 gtv v6 turbo mükemmel durumda
tertemiz boyasiz hasarsiz cam tavanli guiletta
kelepir 159 orijinal
"öğretmenden kazasız, değişensiz, servis bakımlı giulietta"
niğdeliler 2017 alfa romeo giulietta 1.6 jtd progression 4580
emsalsiz temizlikte yer uçağı ilk günkü gibi tertemiz
alfin fırsat aracı mito 1.6 jtdm 120hp etna siyah 133 bin kmde
servis bakımlı giulietta start stop yokuş kalkış
sorunsuz temiz bakimli
alfa romeo giulietta
tertemiz alfa romeo
2016 model hatasız giulietta full bakımlı deri spor cam tvn
temiz kelepir
öğretmenden 143000 km de orijinal alfa
emin otomotiv'den 2008 alfa romeo 159 1.9 jtd distinctive
acil satılık bu hafta son gelen alır
34 clv 88 giu qv .
hata boya değişen tramer yok
sahibinden satılık alfa
2016 trafiğe çıkışlı hatasiz tramersiz 50.000km de sunrooflu
akota yetkili alfa romeo bayi garantili
emin auto dan
satılık tramersiz temiz giulietta
acıl muhteşem alfa
kırmızı giulietta 1.4 tb 170 hp gücü altında hisset
giulietta 1.6 jtdm 2 start&stop super tct
temiz alda romeo
az km temiz ve sorunsuz
istasyon'dan alfa romeo giulietta 1.4tb 170 hp kırmızı döşeme
1997 alafa romeo lpg'li full
alfa romeo 147
takaslı alfa 159 dizel
acıl satılık
"değişensiz,bakımlı , quadrifoglio verde body setli"
119 bin kmde temiz 147
2. sahibinden temiz alfa romeo giulietta
ng auto 'dan uygun fiyata alfa romeo 156
değişensiz 2015 giulietta 1.6 dizel dıstınctıve fırsat aracı
car's ekran blue&me led 2015 alfa romeo giulietta
alfa romeo 147 mk2
alfa romeo giulietta mat gri alacantara deri koltuk
.alfa bayrak .2012 .cam tavan .otomatik .
2004 temiz alfaromeo
"2011 alfa romeo giulietta 1.6 jtd 105hp, cam tavan, full"
tertemiz alfa romeo
değerinde arsa gebze veya çayırova değerinde daire ile takas
2005 1.6 ts. full bakımlı. masrafsız.
masrafsız sahibinden
masrafsız giulietta
220 beygir temiz giulietta
sahibinden bayandan tertemiz sorunsuz keyifli alfa romeo
alfa yetkili servisi personelinden acklamayı oku
sahibinden satılık alfa remeo 156 1.6 ts 22.500 tl
sahibinden alfa 156
kapora alındı 1.4ma 170 hp tct spor paket cam tavan hatasız
acill full bakımlı 2004 siyah içi kırmızı deri sanruflu
alfa romeo full donanımlı araç
şola motors
"hasar kayıtsız, hatasız, boyasız giulietta"
156 1.6 ts bakımları yeni yapıldı
berberoğlu''''ndan hatasız .boyasız .giuletta .1.6 jtd
birmot antalya'dan 2016 dizel otomatik alfa romeo giulietta %1
2012 fırsat aracı
sahibinden satılık alfa romeo
alfa romeo 155 q4
temiz bakımlı sade şık aksesuarlı aile aracı ses sistemli
galericilere alsatcılara inat biniciye özel italyan
2004 model sahibinden sıfır muayeneli
sahibinden sadece 36.615 km sunrooflu alfa romeo giuletta
2014 model alfa romeo g. 1.6 jtd progression plus orjinal
keyfe keder e1 paket deri koltuk otomatik
2018 alfa romeo giulietta 1.6jtd otomatik
memurdan tertemiz alfa 147
temiz alfa romeo
mazzını bayi çıkışlı led farlar katlanır ayna 40.000km.de
32000 km. de az kullanılmış araba
içi dışı pırıl pırıl
"tr'de tek fiyat düştü ( kaza,boya ve hasar kaydı yok )"
hatasız boyasız cam tavan sunruf full
cuma bicer
sahibinden 2014 dizel giulietta acil!!!!
1996 md alfa romeo.
hatasız değişensiz tramersiz alfa romeo guılıetta 1.6 jtd
arkasoto 2.el gaziemir 2014 alfa romeo 4c 1.8 tbi tct otm.
birmot zincirlikuyu'dan 2017 dizel otomatik super tct %1 kdvli
alfa romeo gıulıetta hatasız orjınal ilk elden ekstralı
öğretmenden temiz aile arabası
ersan otomotivden 2014 alfa romeo gulietta
kaçırılmaz bir araç
oskar otomotiv'den 2001 model alfa 145 1.6 sportivo yeni vizeli
satılık kırmızı alfa romeo 2004
beyaz melek satilik .
cem kaya otomotiv'den otomatik alfa romeo
aydemirden 2017 gıulietta 1.6jtd super tct camtavan orjinal otm.
2003 alfa 156 otomatik f1 şanz
sahibinden temiz bakımlı 156
orjinal guiletta
modelinin en temizlerinden
"milano'dan tr'de tek brera 80.000 km,otomatik,sky window kırmızı"
ny motors boya değişen tramer yoktur
mükemmel bakımlı gt!
günay otomotivden alfa 156 otomatik hatasız
cam tavan sahibinden alfa
bakımlı ihtiyaçtan(lütfen açıklamayı okuyunuz)
cam tavanli 2013 dizel distinctive giulietta
sahibinden satılıktır. aciliyeti bulunmamaktadır.
forza alfa romeo dan giu 1.4 tb 170 distinctive otomatık fırsat
temiz alfa romeo 166.
sahibinden orijinal 66.000 km
2016 hatasız kazasız giulietta 1.6 özel seri navigasyon ekran
2007 model alfa romeo 147 1.6 ts benzin lpg varyatör sorunsuz
sahibinden temiz bakımlı 159
sahibinden tertemiz hatasız tr de tek
temiz kullanılmış ikinci sahibinden giulietta
sahibinden bakımlı yakışıklı full alfa romeo 147
2015 dizel giulietta değişensiz bakımlı.
bu fırsat kaçmaz! sahibinden temiz alfa romeo 2004 model 156
ilkbağ' dan 2016 alfa romeo giulietta super tct hatasız boyasız
temiz 2012 dizel alfa romeo giulietta
damping!!! acil orjinalll
hastasına emsalsiz masrafsız
türkiyede tek
nadir temizlikte 2.0 ss
alfistiden farklı olmak isteyenlere
keyfe keder satışta
met auto farkıyla giulietta 1.6jtd hatasız boyasız
temiz doktor aracı
159 1.9 jtd 16v distinctive plus (tramersiz orijinal)
gıulıetta 1.6jtd cam tavan hatasız d.n.a sürüş modu 105hp
"bakımlı ,masrafsız,sanroof ,bose en dolusu"
sahibinden sorunsuz alfa 147 benzin&lpg
alfa meraklısına siyah inci.
alfa romeo 159 bakımlı
"alfa center'dan 2013 giulietta 1.6 jtd distinctive,çok temz,full"
alfa romeo gıulıetta 1.6 jtd progressıon plus 5k
sahibinden.tertemiz. araç kütahya da . ilanı okuyun lütfen .
acil satılık
forza alfa romeo dan giu 1.6 jtd spor paket boyasız fırsat aracı
fatih'den 2013 mito cam tavanlı otomatik sadece 53.000 km'de
mates'ten 2014 74.061 km de gıulıetta 1.6 jtd progressıon plus
2013 alfa romeo 1.4 giulietta otomatik cam tavanlı en fulu
acil ihtiyaçtan satılık
alfa romeo146 2.0 ti tertemiz servis bakımlı
alfa romeo 1.6 twinspark motor 2001 model(benzin_lpg)
hatasız boyasız 2014 alfaromeo giulietta 1.4otomatik wowwo imkan
temiz hasarsız değişensiz km düşük 156 arayan bakmadan geçmesin
alfa romeo 147 1.6ts acil satılık
ilk sahibinden distinctive giulietta
en full modeli brembo taba deri bose bi xeneon
2001 model alfa romeo 156 1.6 ts 16 v 181.500 km de!
çok temiz ve sorunsuz 152 binde
alfa romeo 2006 model 156 bakımları tam
italyan aygiri acil iht. satılık
2013 alfa romeo 1.4 tb multiair distinctive
türkiyedeki emsallerinin en temizi servis bakımlı
sahibinden satılık
alfa gıulıetta 2016 süper tct 1.6 jtd dizel otomatik !
vefa citroen ana bayi 2002 alfa romeo 156 1.6
2017 alfa romeo giulietta 1.6jtd progression sunroof boyasız
2004 model lpg li sunrooflu temiz 156
eğitim için (üzülerek) satılık 159 distinctive plus
2021 yılına kadar muayeneli temiz alfa 146 ts
"alfa romeo 159 1,9 jts"
kara yılan ayrılık vakti .117 fav teşekkürler son 3 gün !
full sıfır ayarında acill fiyat düştü
sahibinden temiz giulietta 2014
sahibinden temiz alfa
oto stop'tan 'türkiye'de tek' alfa romeo 159 sw jtdm
türkiye'de tek acil satılık
2004 model alfa romeo 156 1.6 ts distinctive hatasız
hata boya yok
2013 model ilk gelen alır. fiyat düştü.
2014 model 67.000kmde alfaromeo mito
sahibinden temiz 29 binden düştü
italyan yakışıklısı
sahibinden satılık alfa romeo
alfa romeo 166 ts 155 hp e segment servis bakımlı değişen yok
alfa romeo
böylesi yok!dizel otomatik değisensiz masrafsız extralı
temiz alfa 156 1.6 2000 model
bilgiçten full emsalsiz masrafsiz
2006 model mk2 temiz sorunsuz bir alfa
"alfa center'dan 2014 giulietta 1.6 jtd prog.pls,çoktemiz,bakımlı"
"alfa romeo giulietta 2014 cam tavan. boyasız, değişensiz, full"
garage 2011 alfa romeo 1.6 jtd dıstınctıve spor1 paket
2002 kusursuz temizlikte lpg li 166
37 km'de 2014 alfa romeo giulietta 1.6 jtd progression plus full
alfa romeo distinctive 156 2.0 lpg li pazarlıksız
cook temız 159
acil satılık 2013 model 85.000 kmde alfa romeo giulietta 1.4 tb
2003 alfaromeo 1.6 t benzin lpg li 230 bn km
alfa romeo 159 jtdm 1.9qtronic full
kırmızı melek (yeni progressıon pack cam tavan)
temiz alfa romeo 147
siz yola bakın diğerleri size baksın
sahibinden 2015 model 86.000 km'de dıstınctıve
en temiz 145 lerden biri
murat otodan 2010 alfa 159 dizel otomatik yeni kasa
orjinal hasar kayıtsız gıulietta
son gunler .giulietta 1.4 otomatik çok temiz
alfa modena'dan 2011 159 1.8tbi ti paket boyasız ''eşsiz''
sitenin en temizi
alfa 159 171.000km hata boya yok
en güzeli rosso kırmızı 2013 acil
sahibinden hatasız acil 180 bg ses sistemi
ilk sahibinden hatasız boyasız spor 2 paket kapalı otopark aracı
sahibinde satılık alfa romeo
36.400 km takas olur 2014 giulietta 1.6 jtd progression plus
sahibinden degısensız cam tavan dıstınctıve paket
acil ihtiyaçdan düşük fiyatlı
"sahibinden giulietta, 18000 km, dizel & otomatik, sensör paket"
safran&erdem otodan 2008 alfa romeo 147 1.6 ts sunroflu lpg li
ilk sahibinden alfa romeo giullietta
sahibinden acilll satılık giulietta
italyan aygırı! konfor ve keyif isteyenlere ''masrafsız''
can otomotiv .2016 giulietta 1.6 jtdm 2 start&stop super tct
alfa romeo 156 2.0 ts lpgli işlenik sanrooflu
1996 model alfa romeo
"ilginiz için teşekkürler! öğretmenden, boyasız,hasar kayıtsız"
(acill) sıfır gibi orj. boyasız 1.6 120 hp dizel otm giulietta
akota alfa romeo yetkili bayi garantili
156 binde otomatik sunrooflu alfa romeo 147
opec car dan 1997 alfa gtv 2.0 v6 kondisyonu mükemmel özel plaka
"öğretmenden temiz, değişensiz, 2007 alfa romeo 147"
hatasız boyasız değişensiz hasar kayıtsız kapalı garaj arabası
alfa romeo 147
sahibindenin en iyisi dosta gider pazarlıksız
fırat'tan makyajlı kasa 2014 alfa romeo giulietta hatasızzzz
yerde uçmak isteyene
alfa romeo 156
ender sunrooflu sadece 3 hafta ilanda kalacak
sahibinden satılık kazasız alfa romeo guiletta
acil ihtiyaçtan satılık fiyat düştü son fiyat pazarlık yok
"110 binde, binicisine 147"
sahibinden hasarsız aralık 2020'ye kadar garantili
"alfa 156, temiz, bakımlı, kaportada ufak kozmetik rütuş gerek"
2014 model alfa romeo g. 1.6 jtd takas olur
"sahibinden, 2016 model, temiz kullanılmış, bol ekstralı araç."
2018 alfa romeo giulietta 1.6jtd otomatik
sahibinden hatasız 2014 gıulıetta
2014 giulietta 1.6 jtd distinctive hatasız boyasız cam tavan
taşer'den lpg takılmamış 17.oootl peşin 1.75otl 12ay vade olur.
sahibinden alfa 156
italyan aygırı satışta
sahibinden hatasız alfa romeo giulietta
italyan aygiri
mengerler ataşehir 2018 giulietta super tct 1.6 stil pk
tr daha uygunu varsa bu bedava patron çildırmış
sahibinden otomatik ısıtmalı hafızalı deri koltuk
alfa 164 v6 turbo
2013 alfa romeo giulietta 1.4.tb pogression plus 57.000 binde
memurdan dizel 2011 giulietta
"bakımlı, kazasız,tramersiz 63 binde full mito"
alfa romeo 156 selespeed
50.000 tl'ye 36 ay % 1.57 faiz oranı
alfa romeo mito 1.6 jtd 120 hp
bakimlari tam alicisini uzmeyecek alana hayirli olsun
kazasız değişkensiz hasar kayıtsız alfa 156
alfa romeo 156 2.0 executive 2001 gırtlak dolu motor masraflı
alfaromeo 156 1.6 twinspark bakımlı masrafsız
sahibinden yetkili servis bakımlı alfa romeo 1.6 jtd otomatik
alfa romeo gıulıetta 1.75tbı 235hp quadrıfoglıo verde 66.000km
alfa romeo 156
hatasız değişensiz hasar kayıtsız otomatik 159 full full
1998 model alfa romeo 156 benzinli
alfin türkiyede nadir 128 bin km gt 1.9 jtd q2 bose bixenon navi
cem otomotivden 2011 alfa romeo giulietta 1.6 jtd distinctive
güzel otomobil alıcısına şimdiden hayırlı olsun
emre otomotiv den 156 alfa
alfa romeo 147 1.6 ts kırmızı
alfa romeo 159 dıstınctıve 1.9 jtd otomatik 211.711 km 2008model
alfa romeo 156 2.0 16v twinspark
giulietta multiair 170 hp f1 otomatik vites cam tavan prins tüp
alfa 159 2.4 dizel 200 hp
sorunsuz tertemiz emsalsiz
alfa romeo 147 1.6 16valf uste para alacagim takaslara acik
2012 gıulıetta 1.4tb 170bg otomatik boyasız orjinal 109.000km'de
temiz bakımlı
"alfa romeo 159 jtd otomatik, orijinal, kazasız, çok temiz."
"2016 çıkışlı daha dolusu yok . hasarsız, boyasız plaka açık"
alfa romeo 147
2014 model emsalsiz orjinal 37.400km'de özel renk full gıulıetta
son iki araç satılacak teklif olan arasın
sahibinden temiz beyaz mito
sahibinden çok temiz ve bakımlı giulietta distinctive 2013 model
ihtiyaçtan satılıktır
acil satılık
.alfa bayrak .1990 .1.8 turbo .america emsalsiz .
sahibinden satılık 2016 otomatik gıulıetta
sahibinden tertemiz 164
ılk sahıbınden orj km. fatura yedek anahtar alfacılar dıkkat
giulietta 1.6 jtd progression plus özel lansman rosso renk
siyah#156#full
"dusuk kmli,full spor paket cam tavan"
ar me den 1999 alfa romeo 156 2.0 lpg lı
alfa romeo 156 2.0(senetle taksitlendirme seçeneğimiz mevcuttur)
sahibinden bakımlı ve temiz 156
1.4 multiar 170 beygir benzinli otomatik
meraklisina ihtiyactan
boyasız bakımlı 1.4 tct
tekince motors 2017 gıuletta super dizel otomatk boyasz 11binkm
bordo ile güzelin buluşması
giulietta 1.75 tbı qv 235hp cam tavan
sahibinden eşsiz 159.
sahibinden acil satılık dosta gider alfa romeo 156
bu fiyata alınabilecek açık ara en iyi araba.
rita motors 2014 giulietta 1.6 jtd distinctive 95.000km
cuero sportivo 6 ay servis garantili.
demir otomativ den cok temiz alfa
lpg ruhsata işli
alfa 156 progression bordo temiz araç
black snake .
2005 alfaromeo 156 1.6 ts
karat motors 2001 alfaromeo 156 1.6 ts lpg manuel
rosso spider 2.0 ts
fırından yeni çıktı zümrüt
"2013 model alfa romeo 1,4 turbo 120 hp 6 ileri progression plus"
değişensiz 2001 alfa romeo 156 1.6 t.spark 16v sorunsuz .
2011 1.6 jtd guiletta manuel
sıfır ayarında
hatasız arayanlara orjınal
ayrılık vakti .
paddock detaılıng bakımlı makyajlı kasa 2014 mito 1.3 multijet
sahibinden full donanım aracı
sahibinden full full
sahibinden boyasız değişensiz cam tavan blue me 2013 son fiyat
sahibinden alfa romeo 145
53 favoriye selam olsun neyi bekliyorsunuz fiyat belli
2014 alfa romeo giulietta 1.6 jtd yetkili servs bakımlı emsalsiz
acil satılık masrafsız tüm bakımları tam gt
120 faforiye özel son fiyat
aracım 2004 model temiz aile arabası hastasına alfa romeo
memurdan alfa giulietta
sahibinden alfa romeo giulietta 2012 1.4 ma tct
alfistiden 48bin km alfa 147
156 alfa romeo
sahibinden temiz değişensiz giulietta
çetin otomotiv den temiz araç
2000 alfa romeo otomatik vites deri döşeme lpg'li
"hatasız,boyasız,tertemiz,memurdan"
2011 giulietta 1.6 jtd 135 bin km'de cam tavanlı
son günlerrr!!acill satılık masrafsız.son fiyat!
temiz ihtiyacdan satılıktır .
devlet memurundan alfa romeo 147 1.6 ts distinctive 2009 model
1.9 jtd dizel otomatik ısıtmalı hafızalı deri koltuklu
sadece fiorino nemo takaslı
marfi otomotivden
alfa romeo gt otomatik vites kirmizi deri doseme f1 vites bose
sahibinden 170hp cam tavan sunroof otmtk f1 vites alfa kırmızısı
tam bir aile otomobili
alfa romeo 166 1999
"giuiletta 1.6 jtd çok temiz kazasız, hasarsız"
alfa romeo 156 2.0ts yakışıklı twinspark
hatasız kazasız giulietta 1.6 distinctive
2008 benzin lpg li 195 bin km de siyah
"alfa center'dan 2009 159 1.9 jtd dist.plus q tronic,deri,full"
sahibinden alfa romeo 156
sahibinden alfa
2012 giulietta cam tavan distinctive spor 1 paket
sahibinden guiletta
alfa romeo takas olur panelvan araçlarla
bakımlı yılan
sahibinden temiz alfa 147
müthiş temizlikte. . . lütfen açıklamaları okuyunuz
alfa modena'dan 2003 147 selespeed sunroof deri döşeme bose
hatasız mermi distivince
garantîlî araç full servis bakımlı
acill satılık tertemiz alfa romeo 1.6 jtd
2002 alfa romeo 156 2.0 ts
"tramersiz, değişensiz, cam tavanlı, sigara içilmemiş giulietta"
alfa romeo giulietta 1.6 super tct
biniciye gidecek alfa romeo
sahibinden 156
ihtiyaçtan satılık
alfa modena'dan 2001 selespeed sportwagon emsalsiz temizlikte
2002 model alfa romeo 156 1.6 ts lpg li
go car 2001 alfa romeo 156 twin spark 217.000 km
"2012 1.6jtd dizel distinctive spor paket cam tavan, 146.000 km"
karbon paket
aracımız antalyaya opsiyonlanmıştır
rıght 2.elden alfa romeo 159 dizel otomatik emsalsiz temizlikte
mazzını cam tavan bose ses sistemi 18 türbin jant 235 hp
alfin mk1 156 2.0 ts sunroof deri koltuk bakımlı fırsat aracı
2017 alfa romeo giulietta 1.6 jtd otomatik hatasız boyasız
akota yetkili alfa romeo bayi garantili
hasarsız giulietta
"temiz, boyasız, dizel alfa romeo mito"
3. sahibinden orijinal temiz
acil satılık
alfa 2011 95 binde hasarsız istanbul
"hatasız,destinctive pakettir, acilll ."
full sunroof deri otomatik kredi kartına taksit imkanı
2004 temiz alfa romeo 156
1996 alfa romeo 146
satılık 2014 alfa
fiyat düştü favoricilere duyurulur hasar kayıtsız!! alfa romeo
sahibinden temiz alfa romeo 156
nokta hatasız kazasız orjinal araç
değişensiz temiz alfa romeo 147 fiyat yakın zamanda artacak .
raycar 'dan alfa romeo 156 1.6 ts 195.000km orjinal
.alfa bayrak .2016 .dizel .otomatik .cam tavan .full
sahibinden tertemiz alfa romeo 156
"2014 giulietta 1,6 jtd manuel hatasız"
"mengerlerden orijinal , sunrooflu gıulietta"
sahibinden temiz alfa romeo giulietta 1.4 tb 120 bg
"alfa romeo gıulıetta 1.6 jtd 120hp super lüks pk 1,50 faiz oranı"
anlatmaya gerek yok tıklayın göreceksinz:) maşallah'ı unutmayın!
çamlıbel otomotiv den 2012 alfaromeo gıulıetta açılır cam tavan
ar 166 orj 124bın km 2.0 ts
huzur otodan 2013 alfa romeo giulietta otomatik hatasız lpgli
alfa romeo 147
98 model alfa romeo 146
sahibinden alfa romeo 147 distinistive sunroof 201.000 kmde
2002.alfa romeo 2.0 ts spark distinctive lpg.yeni göğüs.
temiz aile aracı
full aksesuarlı & özel renk & emsalsiz
sahibinden masrafsız 156
alfa romeo giulietta progression 1.6 jtd tct (dizel otomatik)
temiz romeo
demkar otomotiv'den 1999 model alfa romeo 145 1.4 twinspark
2011 model alfa romeo giulietta distinctive
sahibinden temiz guilietta
1.9 jtdm sportwagon 95 binkm değişensiz 2003 model
alfa romeo 156 lpgli full
alfa romeo 146 1.4 ts bakımlı temiz 175 bin km
hatasız öğretmenden 79.000 km de
"hata,boya,degisen, hasar kaydi yoktur."
sahibinden alfa 4c spider gerçekten türkiyede tek
bayandandan hatasız
alfa romeo 104 bin km de
mükemmel kondisyonda !!! alfa romeo 166 2.0ts lpg işli vize yeni
değişensiz düşük yakıtlı fiyat performans aracı
1.5 boxör motor
alfa tutkunlarına
hatasız 1.6 jtd giulietta
1997 alfa 147 benzin lpg li klimalı
satılık aile aracı alfa romeo
kara seytan
sahibinden yer uçağı
araç temiz spor lüks paket araba garaj arabasidir 2016 cikisli
sahibinden alfa romeo 147 2006 sunroof full paket
2009 black line
"efsane alfetta 75 2,0 ts"
temiz cazibeli renk ıtalyano alfa romeo 147 acil
sahibinden tertemiz alfa romeo full paket 170 hp giulietta
veloce'den türkiye'de tek! hatasız brera 2.2 jts sky wındow
2015 nokta hatasız boyasız hasar kayıtsız servis bakımlı alfa
hatasız boyasız 2. sahibinden dizel 2011 giulietta
alfin boyasız mk2 giu 1.4 170 hp tct camtavan sunroof 18'' jant
alfa romeo gt
sahibinden masrafsız alfa
2009 otomatik dizel 159 alfa
"asi ve kırmızı .kazasız, boyasız, değişensiz."
sahibinden
sahibinden temiz masrafsız 170 hp cam tavan sunroof'lu giulietta
sahibinden 2015 otomatik 59000 de sorunsuz gıulıetta
acil satılık
satılık giulietta
bose deri döşeme servis bakımlı
sahibinden spor paket 86. km full full sunroof 2011
sahibinden boyasız deri koltuklu otomatik gıulıetta 1.4 170 hp
"alfa center'dan 2014 giulietta 1.6 jtd prog.plus,çoktemz,69000km"
makyajlı kasa 120 beygir yeni bakımlı yeni vizeli alfa romeo
sahibinden 159 jts
sahibinden alfa romeo giulietta 170 hp cam tavan
hatasız 159
kara şimşek satışta acil ıhtıyactan dolayi!
kazasız belasız deri koltuklu f1 vitesli italyan aygırım satışta
156 f1 yer uçağı takaslı
hatasız 2016 giulietta otomatik cam tavan stil paketli 1.6 dizel
"sadece 60.000 km, sorunsuz, değişensiz giuiletta"
2018 sıfır ayarında alfa 1.6 turbo dizel otomatik super tct
son fiat pazarlıksız acilsatilik açıklayı okumadan aramayın
kale otomotivden 2012 alfa romeo giulietta 1.4 tb multiair progr
2005 model 147 1.6 120 bg
2011 giulietta 1.6 dizel 75.000km sunroof deri spor 1 paket
sahibinden temiz masrafsız cam tavanlı tct
sahibinden temiz
1998 tertemiz bakımlı masrafsız alfa romeo 1.6 ts lpgli full
en ucuzu aciliyetinden
la meccanica delle emozioni alfa
a l f a r o m e o 1 4 7 ne ararsan var
2012 model giulietta 1.6 jtd distinctive kırmızı deri koltuk
temiz bakimli 159
hatasız 44.000 km
kullanan bilir
2007 alfa 159 full otomatik aciliyeti yok ölücüler uzak dursun
sıyah ıncı sınıfının en dolusu acıklamayı okuyun
akbulutlar otomotivden satılık alfa romeo
sahibinden satılık giulietta.
"2011 1.6jtd dizel distinctive spor paket cam tavan, 136.000 km"
hatasız boyasız giulietta (memurdan)
yaren otomotivden alfa romeo
huzur otomotiv alfa romeo 159 full paket sunrooflu
memurdan boyasız cam tavan 18 jant
2012 giulietta 1.4 tb otomatik tct 170 hp
"mostar,dan alfa romeo 156 1.6 ts manuel vites lpg,li sanruf,lu"
göz alıcı tasarım alfa romeo brera 2.2 185 hp bose sky wındow
2014 temiz giulietta 95 binde
sahibinden
yeni muayeneli alfa 156 1.6 twinspark
alfistiden bakımlı
"ilk sahibinden temiz, sorunsuz alfa romeo giulietta"
subaydan değişensiz 1 yarım 2 lokal boyalı tertemiz 147
"2004 alfa romeo 147 2,0 ts selespeed distinctive lpg li"
avukattan temiz159jtdm sportwagon otomatik
"ögretmenden satılık 156 2,0 ts selespeed"
düşük km mito 1.6 dizel 320nm
çiftkurtlar plaza'dan 2018 alfa giulietta 1.6jtd super tct
sahibinden hatasız boyasız servis bakımlı
yaşına göre eşi benzeri yok. bakımlı
değişensiz alfa 147 geleni üzmem acil fiyat düştü
satılik alfa
alfa romeo
3 ay sonra 35'den aşşağı lpg'li alfa distinctive bulamazsın!!!
fiyat düştü çok aciliyeti var tofaş fiyatına alfa
alfa romeo gulietta spor 2 paket (hatasız)
servis bakımlı 170 bg cam tavan
2015 çıkışlı 2014 mod alfa romeo giulietta 1.6 dizel otm.hatasız
giulietta distinctive 1.6 dizel yetkili servis bakımlı beyaz
kredi kartına 20.000 tl 12 ay sıfır faiz giulietta 1.6 m.jet
"milano'dan 2011 model beyaz içi kırmızı deri koltuklu,eşsiz 159."
sahibinden satılık alfa romeo gıulıeetta otomatik cam tavanlı
alfistiden ok gibi alfa
2009 beyaz q tronic plus kırmızı deri
"1996 alfaromeo 155 2,0 ts süper losso lpg li emsalsiz"
sahibinden 156 2.o exe hasar kayıtsız
yalvac otomotivden 1996 romeo 155 tertemizz klimalı full !!
mengerler ataşehir 2018 giulietta cam tavan lüx spor pk 3500 km
çavuşoğlu 2015 alfa romeo giulietta 1.6 jtd progression plus
volcar altunizade' den alfa romeo gıulıetta 1.6jtd dıstınctıve
alfa modena'dan 2008 159 1.9jtdm distinctive deri döşeme 8c jant
takasli alfa servis bakimli 157 binde
"2001 alfa romeo 156 2.0 ts selespeed, masrafsız , bakımlı"
sahibinden tertemiz en dolusu
2012 guiletta 138 binde satılık
2014 boyasız değişensiz giulietta
"öğretmenden takaslı 2009 model, sunrooflu 159"
acilll hatasiz tramersiz tertemiz
2012 alfa romeo gıulieatta dizel manuel masrafsız
alfa romeo 147 1.6 twınspark dıstınctıve hatasız bakımlı
selespeed 147
2000 model alfa 156 lpg li
balaman otomotiv 2004 model alfa romeo 156 1.6 ts distnctive
ilk sahbinden hatasız boyasız servis bakımlı
doldur gazı bas gaza git
sahibinden satılık temiz 2011 1.4 tb giuletta
ankara 2.el den 2001 alfa romeo 1.6ts manuel vites
iş car 25.000 peşin 24 ay vade navi g.görüş sanroof aşırı temiz
üstün performans yakit cimrisi temiz
yakışıklı romeo ilanda !!!
yeni yılın muhteşem arabası alfa romeo julıetta
çetinkaya'dan 2014 giulieatta 1.6 dizel boyasız tramersiz 93 km
diş hekiminden orjinal koleksiyonluk
askere gideceğim için satıyorum
arel 2012 alfa giulietta 1.4tb multiair cam tavan otomatik
2016 otomatik giulietta 44.000 km
ismet otomotivden 2004 alfa romeo 156 1.6 ts progression lpg'li
1996 alfa 145 1.6 boxer motor göz alıcı güzellikte kaçmaz !!!
son fiyatıdır. en dolusudur. 1.6 multijet dizel motor.
beyaz inci 2012
pazarlık var takas olur
sahibinden satılık
' bks motors ' 2012 giulietta otomatik 170 bg cam tavan
doktor bayan'dan giulietta
kazasız değişensiz giulietta
sıfır multiair tct
italyan aygırı alfa romeo
orjinal 122.000 km.'de çok temiz italyan aygırı
ihtiyaçtan dolayı satılık temiz kullanılmış
km. yanıltmasın sıfır motor full bakımlı
giulietta 2017 model 22 bin super tct dizel otm.
yetkili bayi'den alfa romeo mito 1.3 multıjet dizel manuel
acil satılık bakımlı
alfisti'den 2009 alfa romeo 147 collezione sadece 87.000 km
alfa romeo giulietta dizel 2016 45.000 km
tr de tek! hatasız emsalsiz!
sahibinden temiz yetkili servis bakımlı
takasli italyan aygiri
tertemiz orijinal156 satılık
alfa 159 deri döşeme full
asker sahibinden sunrooflu jamara siyahı
"ilk sahibinden,boyasız,servis kayıtlı,tct,cam tavan,kırmızı deri"
milano'dan 73.000 km giulietta 1.6 jtd distinctive .
herşeyiyle orjinal boyasız arayanlara
ilk sahibinden kazasız 2015 alfa
hastasına alfa romeo 147
temiz masrafsız alfa 159 dizel otomatik
sahibinden hatasız boyasız guılıetta
alfa romeo kırmızı tutkudur
hatasız 1.6 jtd alfa romeo giulietta
kaporası alınmıştır
2012 alfa romeo gıulıetta kırmızı çok çok temiz fiyat düştü !!
yıldız otomotiv nazıllıden alfa romeo full 2.0 16v ts twinspark
"2016 giulietta süper tct 1.6 jtd lüks spor pk. %1,75 faiz oranı"
fırsat düşük km ilk sahıbınden cam tavan
sahibinden temiz
sahibinden bakımlı temiz değişensiz
alfa modena'dan 2006 159 1.9jtdm distinctive plus
çiftkurtlar plaza'dan 2017 giulietta 1.6jtd progression hatasız
sport2 paket emsalsiz alfa
çiftkurtlar plaza'dan 2018 alfa romeo giulietta 1.6jtd hatasız
satılık sahıbınden
hatasız alfa romeo giulietta
sahıbınden 2009 distinctive plus yetkılı servıs bakımlı
2014 model 45.000 km giulietta 1.6 jtd ilk sahibinden temiz
sahibinden extralı 1.6 dizel bakımlı
otokoç konya'dan 2013 dizel manuel alfa romeo %1 kdvli
sümer otomotiv' den satılık temiz bakımlı alfa romeo 156 1.6 t.s
"hatasız kupon alfa 156 2,0"
2001 model alfa 2.0 ts otomatik vites
çekme belgeli uygun rakama alfa romeo 156 2.0 ts
akota alfa romeo yetkili bayi garantili
.alfa bayrak .2015 .1.6 jtd .full full .manuel
sahibinden temiz giulietta
acil satilik
"39.000km,2014 model, sahibinden 1.6 dizel manuel siyah giulietta"
değişensiz hasarsız 2005 156
sahibinden acil satılık alfa romeo 156 benzin lpg li tramersiz.
alfa romeo 159 1.9 jtd 16v distinctive q tronic pırıl pırıl araç
alfa romeo 147
rayhan otomotivden alfa 156
2011 alfa romeo mito 135 hp otomatik vites lpg'li
alfa 147 120 hp en fulü
acil 2015 dizel alfa romeo giulietta 1.6 jtd
hasarsız italyan aygırı gulietta( full spor paket)
alfa romeo 156
doruk otomotivden sorunsuz bir araç
sahibinden motor ve yürüyeni güzel
sahibinden hatasız boyasız kırmızı giuletta spor pk.
sahibinden sıfır ayarında süper tct otomatik 170 bg
masraflı yürür vaziyette
vrl motors'dan 2004 alfa 147 sunroof deri ful
alfa romeo giulietta 2015 trf. çıkıslı bose cam tavan f 1 vites
159 qtronik distinctive plus
temiz hatasız arayana
alfa romeo
melih autodan 2011 alfa romeo boyasız hatasız
satılık alfa romeo giulietta 2011
öğretmenden temiz masrafsız araç
sahibinden alfa romeo mito qv hatasız boyasız
bursacar 2011 alfa romeo gıulıetta 1.6jtd progressıon plus
pazarlık payı vardır .
değişen siz alfa romeo ihtiyaçtan satılık
sahibinden ağır bakımları yapılmış alfa romeo 156
sahibinden tertemiz 166
"düşük km li, temiz ve bakimli giulietta 1.4 tb multiair 170 bg"
mazzını bayi çıkışlı değişensiz tramer kaydı yok
sahibinden emsalsiz alfa romeo
sahibenden satılık 156
gm auto'dan 2012 model bakımları yapılmış mito 1.3 jtd city
temiz alfa romeo
2009 alfa romeo 159 1.9 jtd distinctive otomatik temiz bakımlı
alfa romeo 147 hatasız 2 sahibinden
2014 giulietta hatasız boyasız cam tavan
ilk sahibinden sigara içilmemiş tertemiz giulietta
sahibinden sıfır ayarında fırsat!!!
sahibinden sorunsuz araç
ust model araçlarla takas olur
çiftkurtlar plaza'dan 2018 alfa romeo giulietta 1.6jtd sunroof
81.000 km de alfa romeo glulietta 1.6 jtd distinctive sport
dizel otomatik alfa
sıkıntısız alfa
ilk sahibinden 159
2017 alfa gıulıetta 1.6d 120hp super tct bıxenon hatasız boyasız
sahibinden temiz alfa romeo 156 yeni muayene bakımlı
"doktordan apple carplay destekli, cam tavan sunrooflu, düşük km"
2005 full full alfa romeo 156
2014 model makyajlı kasa cam tavan dizel alfa romeo giulietta
2009 model alfa
ikinci sahibinden temiz servis bakımlı alfa romeo
alfa romeo 40 binde
sahibinden temiz exper raporlu
dijital kilima park sensörlü herşeyiyle yeni bakımlı fırsat arc.
temiz giulietta 2015
2004 değişensiz 156 gece mavisi
simli siyah alfa romeo 159
mengerlerden temiz giulietta 1.6 dizel süper tct
ilk elden_95_binde otomatık vıtes alfa ciulitta 1.4tb multi air
türkiye'de tek 45.000km.de kazasız full orjınal spider
özdemir'den 2011 model alfa romeo giulıetta 1.4 boyasız orj.
özkardeşler auto dan klimalı lpg li tr nin enu ucuzu
çiftkurtlar plaza'dan 2018 alfa romeo giulietta 1.6jtd otomatik
hastasından
carstar'dan 2018 alfa gıulıetta 1.6 jtd super tct ekstralı
146 tı 2.0 ts lusso aşkını uzaklarda arama
gtı avcısı satısta
lider autodan
sahibinden
25 yıllık alfistiden çok temiz 159
alfa romeo 156 ts 2004 model temiz
asır oto'dan 30.000tl'ye 12 ay vade farksız ödeme kolaylığı
öğretmenden temiz
"boyasız,değişensiz,kazasız"
çiftkurtlar plaza'dan 2018 alfa romeo giulietta 1.6 prog.plus
sıfırdan farksız otomatik alfa giulietta
2001 model lpg li alfaromeo
bayan öğretmenden tertemiz bakımlı araba
romeo romeo : )
alfa romeo spider 2.2 jts hatasız kusursuz temizlikte
böylesi hıc görülmedı
hatasız kazasız boyasız orjinal 72 bin km de
araç tr tek ful modifiyeli
2011 model alfa romeo giulietta dizel 1.6
sahibinden tramersiz temiz alfa romeo giulietta 1.4 tb otomatik
yeni kasa alfa romeo 147 tspark 120 hp
sezginler den alfa 159 diesel otomatik vites
gallery alfa romeo 147.1.6 ts hatasız 80.000 km de
acil satılık
attack motors'dan 2014 alfa romeo giulietta 1.6 jtd 65.000 km
sahibinden acil satılık
"spor paket, kırmızı deri koltuk"
sahibinden alfa romeo giulietta
ay sonuna kadar 30.000 tl 147 mk2 2005
sanat eseri
hatasız boyasız degısensız cam tavan 127.000'de garaj arabası
sahibinden 2015 78binde
mais ankara şube müdürlüğünden gıulıetta 1.6 jtdm super tct
center'dan afa romeo 4c spider 2800km bayii
alfa romeo 166 ts 2.0 kalite ve konforun birleştiği yer uçağı
kırmızı başlıklı kız
sahibinden kazasız tramersiz 2013 alfa
otomoto garaj alfa romeo giulietta 1.6 jtd otomatik boyasız
sahibinden 2011 kırmızı giulietta
eren otomotiv'den 2014 giulietta 1.4 170hp multiair otomatik
çavuşoğlu 2015 alfa giulietta 1.6 jtd progression plus boyasız
bakımlı alfa
160 binde 3 sahibinden
acil satılık alfa romeo
ilk elden tamamen orijinal dizel otomatik alfa romeo
bayiden ful opsiyonlu extra 18000 liralık donanım kaçıran üzülür
"bankacıdan, 35.800 km, kazasız, boyasız, değişensiz, garaj aracı"
alfa romeo mito hatasız
özdemırden alfa romeo 146 taksit ve takas olur
"2014 giulietta 1.4 170hp, tct, cam tavan, brembo, f1, spor paket"
"sıfır ayarında, giulietta"
göz alıcı tertemiz alfa romeo 159 jtd otomatik dizel
mühendis sahibinden bakımlı 1.6 dizel alfa romeo mito
kamu görevlisinden sigara içilmemiş giulietta distinctive
sahibinden 170hp spor paket 18jant
sahibinden tertemiz 156 rosso
sahibinden temiz 2000 model uygun fiyata
